division,water_district,county,station_name,data_source_abbrev,data_source,water_source,gnis_id,stream_mile,abbrev,usgs_station_id,station_status,station_type,structure_type,meas_date_time,parameter,stage,meas_value,units,flag_a,flag_b,contr_area,drain_area,huc10,utm_x,utm_y,location_accuracy,wdid,modified,more_information,station_por_start,station_por_end,third_party,geometry
1,4,LARIMER,ALVA B. ADAMS TUNNEL AT EAST PORTAL NEAR ESTES PARK,NWBOR,NCWCD/Bureau of Reclamation (Station Cooperators),WIND RIVER,00177957,1.04,ADATUNCO,09013000,Active,Diversion Structure,Other,2026-08-20T11:00:00Z,DISCHRG,3.77,500,CFS,O,NA,NA,NA,10190006,450867.5,4464278.5,User supplied,0404634,2026-08-20 11:10:19,https://dwr.state.co.us/Tools/Stations/ADATUNCO,1985-04-15T00:00:00Z,2026-08-20T00:00:00Z,FALSE,"c(-105.57837, 40.327596)"
1,4,LARIMER,"BIG THOMPSON RIVER ABOVE CANYON MOUTH AT CEDAR COVE, CO",DWR,Co. Division of Water Resources,BIG THOMPSON RIVER,00205019,39.16,BTABCMCO,NA,Active,Stream Gage,Stream Gage,2026-08-20T11:15:00Z,DISCHRG2,4.98,252,CFS,O,NA,NA,NA,NA,478703,4473837,User supplied,0403101,2026-08-20 11:21:21,https://dwr.state.co.us/Tools/Stations/BTABCMCO,2014-04-01T00:00:00Z,2026-08-20T00:00:00Z,FALSE,"c(-105.251033, 40.414889)"
1,4,LARIMER,BIG THOMPSON RIVER ABOVE LAKE ESTES,NWBOR,NCWCD/Bureau of Reclamation (Station Cooperators),BIG THOMPSON RIVER,00205019,59.19,BTABESCO,06733000,Active,Stream Gage,Stream Gage,2026-08-20T11:30:00Z,DISCHRG,1.07,54.4,CFS,O,NA,NA,137,10190006,456377.7,4469874.8,User supplied,0403102,2026-08-20 11:34:19,https://dwr.state.co.us/Tools/Stations/BTABESCO,1985-08-21T00:00:00Z,2026-08-20T00:00:00Z,FALSE,"c(-105.513894, 40.378325)"
1,4,LARIMER,BIG THOMPSON RIVER BELOW LAKE ESTES,NWBOR,NCWCD/Bureau of Reclamation (Station Cooperators),BIG THOMPSON RIVER,00205019,57.57,BTBLESCO,06735500,Active,Stream Gage,Stream Gage,2026-08-20T11:50:00Z,DISCHRG,2.59,265,CFS,O,NA,NA,155,10190006,458781.7,4469645.4,User supplied,0403107,2026-08-20 11:55:20,https://dwr.state.co.us/Tools/Stations/BTBLESCO,1987-12-17T00:00:00Z,2026-08-20T00:00:00Z,FALSE,"c(-105.48556, 40.376375)"
1,4,LARIMER,"BIG THOMPSON BL MORAINE PARK NR ESTES PARK, CO",USGS,U.S. Geological Survey,BIG THOMPSON RIVER,00205019,64.65,BTBMORCO,402114105350101,Active,Stream Gage,Stream Gage,2026-08-20T11:35:00Z,DISCHRG,NA,19.1,CFS,U,NA,0,39,10190006,450393.8,4467198.6,User supplied,0403100,2026-08-20 11:47:12,https://dwr.state.co.us/Tools/Stations/BTBMORCO,2006-04-06T00:00:00Z,2026-08-20T00:00:00Z,TRUE,"c(-105.584176, 40.353883)"
1,4,LARIMER,"NORTH FORK BIG THOMPSON RIVER AT DRAKE, CO.",NWBOR,NCWCD/Bureau of Reclamation (Station Cooperators),NORTH FORK BIG THOMPSON RIVER,00177650,0.44,BTNFDRCO,06736000,Active,Stream Gage,Stream Gage,2026-08-20T11:30:00Z,DISCHRG,0.78,19.6,CFS,O,NA,NA,85,10190006,470157,4476345,Digitized,0403112,2026-08-20 11:39:19,https://dwr.state.co.us/Tools/Stations/BTNFDRCO,1985-08-21T00:00:00Z,2026-08-20T00:00:00Z,FALSE,"c(-105.351879, 40.437221)"
1,4,LARIMER,USBR POWER PLANT AT BIG THOMPSON CANYON MOUTH,NWBOR,NCWCD/Bureau of Reclamation (Station Cooperators),BIG THOMPSON RIVER,00205019,37.05,BTPPMCCO,NA,Active,Diversion Structure,Power Plant,2026-08-20T11:30:00Z,DISCHRG,NA,1.06,CFS,O,NA,NA,NA,10190006,481007.1,4474514,User supplied,0401001,2026-08-20 11:35:49,https://dwr.state.co.us/Tools/Stations/BTPPMCCO,1997-04-14T00:00:00Z,2026-08-20T00:00:00Z,FALSE,"c(-105.223897, 40.421044)"
1,4,LARIMER,"BUCKHORN CREEK NEAR MASONVILLE, CO",DWR,Co. Division of Water Resources,BUCKHORN CREEK,00177345,1.15,BUCRMVCO,06739500,Active,Stream Gage,Stream Gage,2026-08-20T11:30:00Z,DISCHRG,6.24,3.34,CFS,O,NA,NA,134,10190006,484313.5,4475995.5,User supplied,0403108,2026-08-20 11:42:19,https://dwr.state.co.us/Tools/Stations/BUCRMVCO,1994-03-24T00:00:00Z,2026-08-20T00:00:00Z,FALSE,"c(-105.184951, 40.434464)"
1,4,LARIMER,DILLE TUNNEL NEAR DRAKE,NWBOR,NCWCD/Bureau of Reclamation (Station Cooperators),BIG THOMPSON RIVER,00205019,38.64,DILTUNCO,NA,Active,Diversion Structure,Pipeline,2026-08-20T11:30:00Z,DISCHRG,1.16,40.6,CFS,O,NA,NA,NA,10190006,479321.6,4474214.5,User supplied,0400540,2026-08-20 11:41:49,https://dwr.state.co.us/Tools/Stations/DILTUNCO,1998-03-16T00:00:00Z,2026-08-20T00:00:00Z,FALSE,"c(-105.243749, 40.418301)"
1,4,LARIMER,GEORGE RIST DITCH,NWSDR,Cooperative SDR Program of CDWR & NCWCD,BIG THOMPSON RIVER,00205019,34,GERDITCO,NA,Active,Diversion Structure,Ditch,2026-08-20T10:00:00Z,DISCHRG,NA,0.76,CFS,U,NA,NA,NA,NA,484749,4474150,User supplied,0400520,2026-08-20 11:21:44,https://dwr.state.co.us/Tools/Stations/GERDITCO,2011-03-27T00:00:00Z,2026-08-19T00:00:00Z,FALSE,"c(-105.179778, 40.417841)"
1,4,LARIMER,HANDY DITCH,DWR,Co. Division of Water Resources,BIG THOMPSON RIVER,00205019,37.11,HANDITCO,NA,Active,Diversion Structure,Ditch,2026-08-20T11:00:00Z,DISCHRG,NA,0,CFS,O,NA,NA,NA,NA,481228,4474463,User supplied,0400521,2026-08-20 11:18:24,https://dwr.state.co.us/Tools/Stations/HANDITCO,2010-04-27T00:00:00Z,2026-08-20T00:00:00Z,FALSE,"c(-105.22129, 40.420589)"
1,4,LARIMER,CHARLES HANSEN FEED CANAL 930 SECTION,BOR,Bureau of Reclamation  (Station cooperator),COLORADO RIVER,00045730,NA,HFC930CO,NA,Active,Stream Gage,Measuring Point,2026-08-20T11:45:00Z,DISCHRG,NA,233,CFS,O,NA,NA,NA,NA,481624,4471548.5,User supplied,0403109,2026-08-20 11:54:20,https://dwr.state.co.us/Tools/Stations/HFC930CO,2012-06-08T00:00:00Z,2026-08-20T00:00:00Z,FALSE,"c(-105.216538, 40.394337)"
1,4,LARIMER,CHARLES HANSEN FEEDER CANAL BELOW BIG THOMPSON SIPHON,NWBOR,NCWCD/Bureau of Reclamation (Station Cooperators),COLORADO RIVER,00045730,NA,HFCBBSCO,NA,Active,Diversion Structure,Ditch,2026-08-20T11:30:00Z,DISCHRG,1.69,59.9,CFS,O,NA,NA,NA,10190006,480774.8,4474778.5,User supplied,0400691,2026-08-20 11:34:49,https://dwr.state.co.us/Tools/Stations/HFCBBSCO,1998-04-25T00:00:00Z,2026-08-20T00:00:00Z,FALSE,"c(-105.226639, 40.423417)"
1,4,LARIMER,HANSEN FEEDER CANAL LOVELAND TURNOUT,NCWCD,Northern Water,BIG THOMPSON RIVER,00205019,NA,HFCLOVCO,ES1905,Active,Stream Gage,Reservoir,2026-08-20T11:15:00Z,DISCHRG,NA,23.72,CFS,U,NA,NA,NA,10190006,481414,4476893,Digitized,0403659,2026-08-20 11:21:22,https://dwr.state.co.us/Tools/Stations/HFCLOVCO,1997-06-03T00:00:00Z,2026-08-20T00:00:00Z,TRUE,"c(-105.219169, 40.442486)"
1,4,LARIMER,CHARLES HANSEN FEEDER CANAL WASTEWAY TO BIG THOMPSON,NWBOR,NCWCD/Bureau of Reclamation (Station Cooperators),BIG THOMPSON RIVER,00205019,37.13,HFCWASCO,06738100,Active,Stream Gage,Measuring Point,2026-08-20T11:30:00Z,DISCHRG,0.35,10.8,CFS,O,NA,NA,NA,10190006,480863.9,4474471,User supplied,0401002,2026-08-20 11:35:49,https://dwr.state.co.us/Tools/Stations/HFCWASCO,1988-09-16T00:00:00Z,2026-08-20T00:00:00Z,FALSE,"c(-105.225581, 40.420653)"
1,4,LARIMER,HOME SUPPLY DITCH,DWR,Co. Division of Water Resources,BIG THOMPSON RIVER,00205019,36.05,HOMDITCO,NA,Active,Diversion Structure,Ditch,2026-08-20T11:00:00Z,DISCHRG,0.87,41.8,CFS,O,NA,NA,NA,NA,482125,4474815,User supplied,0400524,2026-08-20 11:14:19,https://dwr.state.co.us/Tools/Stations/HOMDITCO,2010-04-27T00:00:00Z,2026-08-20T00:00:00Z,FALSE,"c(-105.210726, 40.42378)"
1,4,LARIMER,LOUDEN DITCH,NWSDR,Cooperative SDR Program of CDWR & NCWCD,BIG THOMPSON RIVER,00205019,34.57,LOUDITCO,NA,Active,Diversion Structure,Ditch,2026-08-20T11:00:00Z,DISCHRG,NA,19.28,CFS,U,NA,NA,NA,NA,484768,4475384,User supplied,0400530,2026-08-20 11:21:41,https://dwr.state.co.us/Tools/Stations/LOUDITCO,2010-04-27T00:00:00Z,2026-08-20T00:00:00Z,FALSE,"c(-105.179584, 40.428959)"
1,4,LARIMER,MARY'S LAKE AT ESTES PARK,NWBOR,NCWCD/Bureau of Reclamation (Station Cooperators),FISH CREEK,00177920,NA,MARYLACO,NA,Active,Storage Structure,Reservoir,2026-08-20T11:00:00Z,STORAGE,8034.61,713,AF,O,NA,NA,NA,10190006,454630.3,4466083,User supplied,0403382,2026-08-20 11:12:19,https://dwr.state.co.us/Tools/Stations/MARYLACO,1995-01-13T00:00:00Z,2026-08-20T00:00:00Z,FALSE,"c(-105.534215, 40.34407)"
1,4,LARIMER,OLYMPUS DAM AT LAKE ESTES,NWBOR,NCWCD/Bureau of Reclamation (Station Cooperators),BIG THOMPSON RIVER,00205019,58.08,OLYDAMCO,NA,Active,Storage Structure,Reservoir,2026-08-20T11:55:00Z,STORAGE,7472.01,2104,AF,O,NA,NA,NA,10190006,458601.5,4469558.5,User supplied,0404128,2026-08-20 11:56:50,https://dwr.state.co.us/Tools/Stations/OLYDAMCO,1994-11-22T00:00:00Z,2026-08-20T00:00:00Z,FALSE,"c(-105.487675, 40.375583)"
1,4,LARIMER,OLYMPUS TUNNEL (ESTES FOOTHILLS CANAL),NWBOR,NCWCD/Bureau of Reclamation (Station Cooperators),BIG THOMPSON RIVER,00205019,57.69,OLYTUNCO,06734900,Active,Diversion Structure,Pipeline,2026-08-20T11:50:00Z,DISCHRG,2.05,99,CFS,O,NA,NA,NA,10190006,459774,4469356,User supplied,0401000,2026-08-20 11:55:20,https://dwr.state.co.us/Tools/Stations/OLYTUNCO,1985-08-30T00:00:00Z,2026-08-20T00:00:00Z,FALSE,"c(-105.473856, 40.37382)"
1,4,LARIMER,SOUTH SIDE DITCH,NWSDR,Cooperative SDR Program of CDWR & NCWCD,BIG THOMPSON RIVER,00205019,34.68,SOSDITCO,NA,Active,Diversion Structure,Ditch,2026-08-20T11:00:00Z,DISCHRG,NA,0.27,CFS,U,NA,NA,NA,NA,483757,4474084,User supplied,0400543,2026-08-20 11:21:41,https://dwr.state.co.us/Tools/Stations/SOSDITCO,2010-04-27T00:00:00Z,2026-08-20T00:00:00Z,FALSE,"c(-105.191469, 40.417228)"
1,4,LARIMER,WIND RIVER BYPASS,NWBOR,NCWCD/Bureau of Reclamation (Station Cooperators),WIND RIVER,00177957,0.94,WINBYPCO,NA,Active,Stream Gage,Stream Gage,2026-08-20T11:00:00Z,DISCHRG,0.31,0.71,CFS,O,NA,NA,NA,10190006,451014.2,4464338.5,User supplied,0403113,2026-08-20 11:10:19,https://dwr.state.co.us/Tools/Stations/WINBYPCO,2001-05-08T00:00:00Z,2026-08-20T00:00:00Z,FALSE,"c(-105.576656, 40.328145)"
1,4,LARIMER,WIND RIVER NEAR ESTES PARK,NWBOR,NCWCD/Bureau of Reclamation (Station Cooperators),WIND RIVER,00177957,1.2,WINDESCO,NA,Active,Stream Gage,Stream Gage,2026-08-20T11:00:00Z,DISCHRG,0.15,0.56,CFS,O,NA,NA,NA,10190006,450617.1,4464214,User supplied,0403114,2026-08-20 11:10:49,https://dwr.state.co.us/Tools/Stations/WINDESCO,1999-04-21T00:00:00Z,2026-08-20T00:00:00Z,FALSE,"c(-105.581319, 40.327005)"
