site_code,parameter,sensor_number,units,active,lat_long
reservoir_bypass,Turbidity,95201,NTU,yes,"40.44232864149273, -105.21886970440059"
reservoir_bypass,Specific Conductivity,95202,us/cm,yes,"40.44232864149273, -105.21886970440059"
reservoir_bypass,Temperature,95203,C,yes,"40.44232864149273, -105.21886970440059"
reservoir_bypass,pH,95204,pH,yes,"40.44232864149273, -105.21886970440059"
reservoir_bypass,chlorophyll,95205,ug/L,yes,"40.44232864149273, -105.21886970440059"
reservoir_bypass,ORP,95206,mV,yes,"40.44232864149273, -105.21886970440059"
reservoir_bypass,DO,95207,mg/L,yes,"40.44232864149273, -105.21886970440059"
reservoir_bypass,FDOM,95208,QSU,yes,"40.44232864149273, -105.21886970440059"
sulzer,Turbidity,11572011,NTU,yes,"40.43553450768172, -105.22849453601422"
sulzer,Actual Conductivity,11572012,us/cm,yes,"40.43553450768172, -105.22849453601422"
sulzer,Temperature,11572013,C,yes,"40.43553450768172, -105.22849453601422"
sulzer,pH,11572014,pH,yes,"40.43553450768172, -105.22849453601422"
sulzer,Chl-a Fluorescence,11572015,RFU,yes,"40.43553450768172, -105.22849453601422"
sulzer,DO,11572016,mg/L,yes,"40.43553450768172, -105.22849453601422"
cherry,Turbidity,95001,NTU,yes,"40.414919788803374, -105.25076302626776"
cherry,Specific Conductivity,95002,us/cm,yes,"40.414919788803374, -105.25076302626776"
cherry,Temperature,95003,C,yes,"40.414919788803374, -105.25076302626776"
cherry,pH,95004,pH,yes,"40.414919788803374, -105.25076302626776"
cherry,chlorophyll,95005,ug/L,yes,"40.414919788803374, -105.25076302626776"
cherry,salinity,95006,ppt,yes,"40.414919788803374, -105.25076302626776"
cherry,DO,95007,mg/L,yes,"40.414919788803374, -105.25076302626776"
cherry,Depth,95008,m,yes,"40.414919788803374, -105.25076302626776"
cherry,Hydrocarbon,95009,a.u.,yes,"40.414919788803374, -105.25076302626776"
cherry,Stage,95010,ft,yes,"40.414919788803374, -105.25076302626776"
north_fork,Turbidity,11559001,NTU,yes,"40.43365643039934, -105.34577254478572"
north_fork,Specific Conductivity,11559002,us/cm,yes,"40.43365643039934, -105.34577254478572"
north_fork,Temperature,11559003,C,yes,"40.43365643039934, -105.34577254478572"
north_fork,pH,11559004,pH,yes,"40.43365643039934, -105.34577254478572"
north_fork,chlorophyll,11559005,ug/L,no,"40.43365643039934, -105.34577254478572"
north_fork,salinity,11559006,ppt,no,"40.43365643039934, -105.34577254478572"
north_fork,DO,11559007,mg/L,yes,"40.43365643039934, -105.34577254478572"
north_fork,Depth,11559008,m,no,"40.43365643039934, -105.34577254478572"